Joe Schmoe,555-555-5555,"155 9th street, San Francisco, CA",a@gmail.com
Red Schmoe,555-555-5555,"155 9th street, San Francisco, CA",a@gmail.com
Blue Schmoe,555-555-5555,"155 9th street, San Francisco, CA",a@gmail.com
Apple Schmoe,555-555-5555,"155 9th street, San Francisco, CA",a@gmail.com
Orange Schmoe,555-555-5555,"155 9th street, San Francisco, CA",a@gmail.com
Pink Schmoe,555-555-5555,"155 9th street, San Francisco, CA",a@gmail.com
Rob Schmoe,555-555-5555,"155 9th street, San Francisco, CA",a@gmail.com
Floyd Schmoe,555-555-5555,"155 9th street, San Francisco, CA",a@gmail.com
Frodo Schmoe,555-555-5555,"155 9th street, San Francisco, CA",a@gmail.com
Mo Schmoe,555-555-5555,"155 9th street, San Francisco, CA",a@gmail.com
Po Schmoe,555-555-5555,"155 9th street, San Francisco, CA",a@gmail.com
Lo Schmoe,555-555-5555,"155 9th street, San Francisco, CA",a@gmail.com
